<?xml version="1.0" encoding="UTF-8"?>
<java version="1.7.0_80" class="java.beans.XMLDecoder">
 <object class="com.ti.dvt.uia.utils.MultipleBinaryDataFile$MetaDataFile" id="MultipleBinaryDataFile$MetaDataFile0">
  <void property="dataFiles">
   <void method="add">
    <object class="com.ti.dvt.uia.utils.MultipleBinaryDataFile$BinaryDataFile">
     <void property="filename">
      <string>ETData_0.bin</string>
     </void>
     <void property="length">
      <long>394686</long>
     </void>
    </object>
   </void>
  </void>
  <void property="name">
   <string>ETData</string>
  </void>
 </object>
</java>
